"('name', 'Breanna Hoffman')","('bday', '3 Oct 1958')","('created_time', '12-11-2018 19:08:54')","('id', 18516922)"
"('name', 'Danika Hogan')","('bday', '20 Apr 1987')","('created_time', '12-11-2018 19:09:00')","('id', 791696)"
"('name', 'Brady Burke')","('bday', '11 Aug 1991')","('created_time', '12-11-2018 19:09:04')","('id', 533152)"
"('name', 'Henrietta Davila')","('bday', '22 Feb 1986')","('created_time', '12-11-2018 19:09:07')","('id', 11160696)"
"('name', 'Carolin Flowers')","('bday', '15 Oct 1982')","('created_time', '12-11-2018 19:09:11')","('id', 14769301)"
"('name', 'Dung Shaw')","('bday', '5 May 1971')","('created_time', '12-11-2018 19:09:13')","('id', 382987)"
"('name', 'Ema Collier')","('bday', '20 May 1983')","('created_time', '12-11-2018 19:09:16')","('id', 1032446)"
"('name', 'Calista Flowers')","('bday', '2 Sept 1985')","('created_time', '12-11-2018 19:09:22')","('id', 14755489)"
"('name', 'Phung Clark')","('bday', '25 Nov 1961')","('created_time', '12-11-2018 19:09:26')","('id', 1004213)"
"('name', 'Dot Reed')","('bday', '14 Jul 1957')","('created_time', '12-11-2018 19:09:29')","('id', 140495)"
"('name', 'Patricia Kelly')","('bday', '1 Feb 1959')","('created_time', '12-11-2018 19:09:34')","('id', 7546053)"
"('name', 'Floyd Burnett')","('bday', '26 Aug 1978')","('created_time', '12-11-2018 19:09:40')","('id', 7315161)"
"('name', 'Bibi Wong')","('bday', '28 May 1998')","('created_time', '12-11-2018 19:09:42')","('id', 173212)"
"('name', 'Floyd Herrera')","('bday', '11 Mar 1987')","('created_time', '12-11-2018 19:09:48')","('id', 6922934)"
"('name', 'Anisa Mosley')","('bday', '23 Apr 1976')","('created_time', '12-11-2018 19:09:55')","('id', 4904354)"
"('name', 'Guillermina Flowers')","('bday', '9 Mar 1995')","('created_time', '12-11-2018 19:09:58')","('id', 578656600)"
"('name', 'Lyndsay Baxter')","('bday', '19 Mar 1988')","('created_time', '12-11-2018 19:10:02')","('id', 3965627)"
"('name', 'Buffy Finley')","('bday', '30 Apr 1981')","('created_time', '12-11-2018 19:10:06')","('id', 579033)"
"('name', 'Eduardo Pena')","('bday', '7 Dec 1993')","('created_time', '12-11-2018 19:10:11')","('id', 2069735)"
"('name', 'Malia Sims')","('bday', '2 Sept 1966')","('created_time', '12-11-2018 19:10:15')","('id', 679149)"
"('name', 'Deangelo Jackson')","('bday', '7 Sept 1985')","('created_time', '12-11-2018 19:10:21')","('id', 24836886)"
"('name', 'Ema Bolton')","('bday', '26 Jul 1959')","('created_time', '12-11-2018 19:10:23')","('id', 143362)"
"('name', 'Julius Bolton')","('bday', '16 Sept 1979')","('created_time', '12-11-2018 19:10:26')","('id', 1854786)"
"('name', 'Stephaine Contreras')","('bday', '13 Nov 1981')","('created_time', '12-11-2018 19:10:30')","('id', 1811740954)"
"('name', 'Oliva Carrillo')","('bday', '7 Dec 1965')","('created_time', '12-11-2018 19:10:34')","('id', 8604582)"
"('name', 'Keely Tanner')","('bday', '26 Jul 1994')","('created_time', '12-11-2018 19:10:37')","('id', 6635435)"
"('name', 'Brady Kidd')","('bday', '23 Mar 1973')","('created_time', '12-11-2018 19:10:42')","('id', 490167)"
"('name', 'Julian Kelly')","('bday', '31 Mar 1981')","('created_time', '12-11-2018 19:10:46')","('id', 1815154)"
"('name', 'Darlene Summers')","('bday', '17 Oct 1993')","('created_time', '12-11-2018 19:10:51')","('id', 15693556)"
"('name', 'Stephaine Gardner')","('bday', '9 Nov 1964')","('created_time', '12-11-2018 19:10:53')","('id', 172986880)"
"('name', 'Jeanna Gilbert')","('bday', '29 Aug 1959')","('created_time', '12-11-2018 19:10:57')","('id', 11677086)"
"('name', 'Zana Wolf')","('bday', '8 Jun 1982')","('created_time', '12-11-2018 19:11:02')","('id', 571136)"
"('name', 'Krishna Contreras')","('bday', '20 Apr 1960')","('created_time', '12-11-2018 19:11:05')","('id', 365887474)"
"('name', 'Mirtha Sims')","('bday', '16 Jul 1968')","('created_time', '12-11-2018 19:11:11')","('id', 1852667)"
"('name', 'Louisa Thomas')","('bday', '24 Jul 1980')","('created_time', '12-11-2018 19:11:17')","('id', 21095188)"
"('name', 'Julius Peterson')","('bday', '25 Apr 1962')","('created_time', '12-11-2018 19:11:19')","('id', 174201605)"
"('name', 'Stephaine Olsen')","('bday', '28 Jun 1986')","('created_time', '12-11-2018 19:11:24')","('id', 20328920)"
"('name', 'Bettie Gamble')","('bday', '18 May 1994')","('created_time', '12-11-2018 19:11:29')","('id', 859051)"
"('name', 'Howard Oconnor')","('bday', '19 Dec 1974')","('created_time', '12-11-2018 19:11:32')","('id', 17209102)"
"('name', 'Daisy Kaufman')","('bday', '14 Dec 1998')","('created_time', '12-11-2018 19:11:36')","('id', 4159279)"
"('name', 'Danika Roy')","('bday', '30 Aug 1998')","('created_time', '12-11-2018 19:11:42')","('id', 103497)"
"('name', 'Daisy Baxter')","('bday', '15 Mar 1957')","('created_time', '12-11-2018 19:11:48')","('id', 432776)"
"('name', 'Trinh Flowers')","('bday', '3 Mar 1960')","('created_time', '12-11-2018 19:11:52')","('id', 11862692)"
"('name', 'Anissa Knapp')","('bday', '22 Jul 1965')","('created_time', '12-11-2018 19:11:56')","('id', 1128154)"
"('name', 'Magan Henry')","('bday', '30 Jan 1978')","('created_time', '12-11-2018 19:12:02')","('id', 684309)"
"('name', 'Kellye Hoffman')","('bday', '29 Jul 1995')","('created_time', '12-11-2018 19:12:04')","('id', 13802417)"
"('name', 'Shemika Le')","('bday', '21 Apr 1987')","('created_time', '12-11-2018 19:12:08')","('id', 454919)"
"('name', 'Zana Baxter')","('bday', '5 Mar 1966')","('created_time', '12-11-2018 19:12:10')","('id', 523845)"
"('name', 'Melania Wise')","('bday', '21 Jul 1981')","('created_time', '12-11-2018 19:12:16')","('id', 3118901)"
"('name', 'Anisa House')","('bday', '21 Mar 1984')","('created_time', '12-11-2018 19:12:20')","('id', 511861)"
"('name', 'Bobby Kaufman')","('bday', '27 Jun 1970')","('created_time', '12-11-2018 19:12:26')","('id', 4765574)"
"('name', 'Magan Koch')","('bday', '28 Dec 1967')","('created_time', '12-11-2018 19:12:29')","('id', 579607)"
"('name', 'Kendal Koch')","('bday', '10 May 1958')","('created_time', '12-11-2018 19:12:33')","('id', 1465996)"
"('name', 'Kennith Hoffman')","('bday', '4 Feb 1981')","('created_time', '12-11-2018 19:12:35')","('id', 27999953)"
"('name', 'Truman Roy')","('bday', '19 Jan 1967')","('created_time', '12-11-2018 19:12:37')","('id', 329118)"
"('name', 'Leida Pruitt')","('bday', '8 Sept 1975')","('created_time', '12-11-2018 19:12:44')","('id', 6408924)"
"('name', 'Oliva Hoffman')","('bday', '15 Oct 1972')","('created_time', '12-11-2018 19:12:46')","('id', 10194843)"
"('name', 'Kellye Baxter')","('bday', '19 Jan 1982')","('created_time', '12-11-2018 19:12:52')","('id', 1470335)"
"('name', 'Guillermina Hester')","('bday', '1 Jul 1957')","('created_time', '12-11-2018 19:12:54')","('id', 57559638)"
"('name', 'Vicky Tanner')","('bday', '27 Jun 1986')","('created_time', '12-11-2018 19:12:58')","('id', 11201125)"
"('name', 'Darlene Bolton')","('bday', '29 Sept 1978')","('created_time', '12-11-2018 19:13:02')","('id', 1571847)"
"('name', 'Frederic Cain')","('bday', '13 Nov 1965')","('created_time', '12-11-2018 19:13:04')","('id', 492170)"
"('name', 'Shawna Doyle')","('bday', '26 May 1981')","('created_time', '12-11-2018 19:13:10')","('id', 1941413)"
"('name', 'Waldo Trujillo')","('bday', '22 Jul 1968')","('created_time', '12-11-2018 19:13:15')","('id', 105907777)"
"('name', 'Howard Decker')","('bday', '6 Dec 1963')","('created_time', '12-11-2018 19:13:19')","('id', 1735039)"
"('name', 'Riley Reed')","('bday', '9 Nov 1965')","('created_time', '12-11-2018 19:13:24')","('id', 1095283)"
"('name', 'Kellye Mosley')","('bday', '22 Oct 1989')","('created_time', '12-11-2018 19:13:30')","('id', 13151696)"
"('name', 'Daisy Reed')","('bday', '3 Nov 1999')","('created_time', '12-11-2018 19:13:36')","('id', 393033)"
"('name', 'Yasmine Morgan')","('bday', '12 Oct 1968')","('created_time', '12-11-2018 19:13:42')","('id', 48590629)"
"('name', 'Stephaine Peterson')","('bday', '14 Oct 1960')","('created_time', '12-11-2018 19:13:44')","('id', 1775145185)"
"('name', 'Julian Russell')","('bday', '23 Feb 1993')","('created_time', '12-11-2018 19:13:49')","('id', 19749538)"
"('name', 'Wayne Gardner')","('bday', '24 Dec 1957')","('created_time', '12-11-2018 19:13:56')","('id', 10422183)"
"('name', 'Rick Wong')","('bday', '9 Aug 1957')","('created_time', '12-11-2018 19:14:02')","('id', 521687)"
"('name', 'Henrietta Wiggins')","('bday', '7 Nov 1979')","('created_time', '12-11-2018 19:14:09')","('id', 92399342)"
"('name', 'Julius Chase')","('bday', '26 Apr 1992')","('created_time', '12-11-2018 19:14:16')","('id', 1915891)"
"('name', 'Lyndsay Ayers')","('bday', '9 Sept 1989')","('created_time', '12-11-2018 19:14:21')","('id', 4680164)"
"('name', 'Inocencia Barnett')","('bday', '27 Dec 1960')","('created_time', '12-11-2018 19:14:24')","('id', 116230522)"
"('name', 'Kellye Porter')","('bday', '30 Aug 1968')","('created_time', '12-11-2018 19:14:30')","('id', 14696622)"
"('name', 'Anissa Meza')","('bday', '17 Nov 1957')","('created_time', '12-11-2018 19:14:33')","('id', 961083)"
"('name', 'Frederic Wise')","('bday', '10 Dec 1979')","('created_time', '12-11-2018 19:14:37')","('id', 4659460)"
"('name', 'Inocencia Roy')","('bday', '11 May 1999')","('created_time', '12-11-2018 19:14:42')","('id', 1154441)"
"('name', 'Jodee Trevino')","('bday', '2 Jul 1957')","('created_time', '12-11-2018 19:14:46')","('id', 7118417)"
"('name', 'Johana Kaufman')","('bday', '23 Apr 1990')","('created_time', '12-11-2018 19:14:50')","('id', 13389185)"
"('name', 'Anabel Mills')","('bday', '22 Apr 1978')","('created_time', '12-11-2018 19:14:55')","('id', 739795)"
"('name', 'Margarett Flowers')","('bday', '27 Jul 1973')","('created_time', '12-11-2018 19:15:01')","('id', 115573763)"
"('name', 'Mirtha Maddox')","('bday', '12 Apr 1986')","('created_time', '12-11-2018 19:15:05')","('id', 16996207)"
"('name', 'Bettie Carrillo')","('bday', '31 Jan 1982')","('created_time', '12-11-2018 19:15:08')","('id', 9476624)"
"('name', 'Bettie Wolf')","('bday', '3 Jun 1962')","('created_time', '12-11-2018 19:15:13')","('id', 881423)"
"('name', 'Deangelo Reed')","('bday', '11 Jan 1978')","('created_time', '12-11-2018 19:15:19')","('id', 2466980)"
"('name', 'Jodee Thomas')","('bday', '3 May 1976')","('created_time', '12-11-2018 19:15:21')","('id', 7551783)"
"('name', 'Julius Compton')","('bday', '20 Aug 1961')","('created_time', '12-11-2018 19:15:27')","('id', 17042217)"
"('name', 'Kellye Massey')","('bday', '13 Dec 1979')","('created_time', '12-11-2018 19:15:30')","('id', 14116671)"
"('name', 'Johana Huber')","('bday', '31 Jan 1957')","('created_time', '12-11-2018 19:15:34')","('id', 1636134)"
"('name', 'Brad Compton')","('bday', '28 May 1995')","('created_time', '12-11-2018 19:15:41')","('id', 2199559)"
"('name', 'Salena Huber')","('bday', '10 Apr 1992')","('created_time', '12-11-2018 19:15:46')","('id', 1746688)"
"('name', 'Irmgard Hawkins')","('bday', '11 Sept 1969')","('created_time', '12-11-2018 19:15:50')","('id', 32412527)"
"('name', 'Trinh Davila')","('bday', '23 Mar 1999')","('created_time', '12-11-2018 19:15:55')","('id', 1182916)"
"('name', 'Trinh Leach')","('bday', '25 Oct 1961')","('created_time', '12-11-2018 19:16:00')","('id', 1348514)"
"('name', 'Jodee Davila')","('bday', '24 Oct 1962')","('created_time', '12-11-2018 19:16:04')","('id', 672285)"
"('name', 'Julian Peterson')","('bday', '27 Feb 1986')","('created_time', '12-11-2018 19:16:07')","('id', 200537130)"
